{"cameraMode":{"drawMode":0,"name":"Shaded","section":"Shading Mode"},"sceneLighting":true,"audioPlay":false,"sceneViewState":{"showFog":true,"showMaterialUpdate":true,"showSkybox":true,"showFlares":true,"showImageEffects":true,"showParticleSystems":true},"in2DMode":false,"pivot":{"x":356.2267761230469,"y":143.9915771484375,"z":-263.4310607910156},"rotation":{"x":0.11065341532230377,"y":-0.23036594688892365,"z":0.02637539990246296,"w":0.9664347171783447},"size":377.5645446777344,"orthographic":true}