{"cameraMode":{"drawMode":0,"name":"Shaded","section":"Shading Mode"},"sceneLighting":true,"audioPlay":false,"sceneViewState":{"showFog":true,"showMaterialUpdate":true,"showSkybox":true,"showFlares":true,"showImageEffects":true,"showParticleSystems":true},"in2DMode":false,"pivot":{"x":2.7076754570007326,"y":0.801368772983551,"z":15.548439979553223},"rotation":{"x":-0.015245958231389523,"y":-0.09076764434576035,"z":0.0013898478355258704,"w":-0.995756208896637},"size":25.02945327758789,"orthographic":false}