{"cameraMode":{"drawMode":0,"name":"Shaded","section":"Shading Mode"},"sceneLighting":false,"audioPlay":false,"sceneViewState":{"showFog":true,"showMaterialUpdate":true,"showSkybox":false,"showFlares":true,"showImageEffects":true,"showParticleSystems":true},"in2DMode":false,"pivot":{"x":-2.800004482269287,"y":3.3902721405029299,"z":0.32350486516952517},"rotation":{"x":-0.0078095863573253159,"y":0.00509661016985774,"z":-0.00003967972952523269,"w":-0.9999582171440125},"size":1.9041118621826172,"orthographic":false}