{"cameraMode":{"drawMode":0,"name":"Shaded","section":"Shading Mode"},"sceneLighting":false,"audioPlay":false,"sceneViewState":{"showFog":true,"showMaterialUpdate":false,"showSkybox":false,"showFlares":true,"showImageEffects":true,"showParticleSystems":true},"in2DMode":false,"pivot":{"x":-0.0823148712515831,"y":0.30115699768066409,"z":4.586350440979004},"rotation":{"x":0.07004889100790024,"y":-0.5044570565223694,"z":0.04110786318778992,"w":0.8596097230911255},"size":2.4589805603027345,"orthographic":false}