{"cameraMode":{"drawMode":0,"name":"Shaded","section":"Shading Mode"},"sceneLighting":false,"audioPlay":false,"sceneViewState":{"showFog":true,"showMaterialUpdate":false,"showSkybox":false,"showFlares":true,"showImageEffects":true,"showParticleSystems":true},"in2DMode":false,"pivot":{"x":-11.474247932434082,"y":1.1828902959823609,"z":11.487028121948243},"rotation":{"x":-0.17461608350276948,"y":0.05667782947421074,"z":-0.010069647803902626,"w":-0.9829550981521606},"size":5.517348289489746,"orthographic":false}