{"cameraMode":{"drawMode":0,"name":"Shaded","section":"Shading Mode"},"sceneLighting":false,"audioPlay":false,"sceneViewState":{"showFog":true,"showMaterialUpdate":false,"showSkybox":false,"showFlares":true,"showImageEffects":true,"showParticleSystems":true},"in2DMode":false,"pivot":{"x":12.63718318939209,"y":1.3817180395126343,"z":0.2549286484718323},"rotation":{"x":-0.09311217069625855,"y":0.03642965853214264,"z":-0.0034089703112840654,"w":-0.9949846267700195},"size":7.7095184326171879,"orthographic":false}