{"cameraMode":{"drawMode":0,"name":"Shaded","section":"Shading Mode"},"sceneLighting":false,"audioPlay":false,"sceneViewState":{"showFog":true,"showMaterialUpdate":false,"showSkybox":false,"showFlares":true,"showImageEffects":true,"showParticleSystems":true},"in2DMode":false,"pivot":{"x":0.09113574028015137,"y":0.8764927387237549,"z":0.30058741569519045},"rotation":{"x":-0.13194814324378968,"y":0.7321783900260925,"z":-0.14827482402324677,"w":-0.6515557169914246},"size":3.7215802669525148,"orthographic":false}