{"cameraMode":{"drawMode":0,"name":"Shaded","section":"Shading Mode"},"sceneLighting":true,"audioPlay":false,"sceneViewState":{"showFog":true,"showMaterialUpdate":false,"showSkybox":false,"showFlares":true,"showImageEffects":true,"showParticleSystems":true},"in2DMode":false,"pivot":{"x":0.0,"y":0.13999998569488526,"z":1.0700000524520875},"rotation":{"x":-0.3487049639225006,"y":0.03147575259208679,"z":-0.011718705296516419,"w":-0.9366324543952942},"size":8.0020751953125,"orthographic":false}