{"cameraMode":{"drawMode":0,"name":"Shaded","section":"Shading Mode"},"sceneLighting":false,"audioPlay":false,"sceneViewState":{"showFog":true,"showMaterialUpdate":false,"showSkybox":false,"showFlares":true,"showImageEffects":true,"showParticleSystems":true},"in2DMode":false,"pivot":{"x":0.11616881936788559,"y":1.2550252676010132,"z":3.5328309535980226},"rotation":{"x":-0.13788071274757386,"y":0.605763852596283,"z":-0.10759703814983368,"w":-0.7761916518211365},"size":9.69849681854248,"orthographic":false}