{"cameraMode":{"drawMode":0,"name":"Shaded","section":"Shading Mode"},"sceneLighting":true,"audioPlay":false,"sceneViewState":{"showFog":true,"showMaterialUpdate":false,"showSkybox":false,"showFlares":true,"showImageEffects":true,"showParticleSystems":true},"in2DMode":false,"pivot":{"x":-0.5872409343719482,"y":-0.7261910438537598,"z":0.28143805265426638},"rotation":{"x":-0.3487049639225006,"y":0.03147575259208679,"z":-0.011718705296516419,"w":-0.9366324543952942},"size":8.194291114807129,"orthographic":false}