{"cameraMode":{"drawMode":0,"name":"Shaded","section":"Shading Mode"},"sceneLighting":false,"audioPlay":false,"sceneViewState":{"showFog":true,"showMaterialUpdate":false,"showSkybox":false,"showFlares":true,"showImageEffects":true,"showParticleSystems":true},"in2DMode":false,"pivot":{"x":-0.07404065132141113,"y":0.24171987175941468,"z":1.3440651893615723},"rotation":{"x":-0.03919171169400215,"y":0.07008189707994461,"z":-0.002748435130342841,"w":-0.99677574634552},"size":4.438313007354736,"orthographic":false}