{"cameraMode":{"drawMode":0,"name":"Shaded","section":"Shading Mode"},"sceneLighting":true,"audioPlay":false,"sceneViewState":{"showFog":true,"showMaterialUpdate":false,"showSkybox":true,"showFlares":true,"showImageEffects":true,"showParticleSystems":true},"in2DMode":false,"pivot":{"x":15.361961364746094,"y":6.998945713043213,"z":0.20920521020889283},"rotation":{"x":0.022960955277085305,"y":0.8886468410491943,"z":-0.45588386058807375,"w":0.0448065809905529},"size":34.929046630859378,"orthographic":false}