{"cameraMode":{"drawMode":0,"name":"Shaded","section":"Shading Mode"},"sceneLighting":false,"audioPlay":false,"sceneViewState":{"showFog":true,"showMaterialUpdate":false,"showSkybox":false,"showFlares":true,"showImageEffects":true,"showParticleSystems":true},"in2DMode":false,"pivot":{"x":0.0,"y":0.8905432820320129,"z":-0.057677507400512698},"rotation":{"x":0.12590913474559785,"y":0.15440571308135987,"z":-0.019841376692056657,"w":0.9797558784484863},"size":4.765048980712891,"orthographic":false}