{"cameraMode":{"drawMode":0,"name":"Shaded","section":"Shading Mode"},"sceneLighting":false,"audioPlay":false,"sceneViewState":{"showFog":true,"showMaterialUpdate":false,"showSkybox":false,"showFlares":true,"showImageEffects":true,"showParticleSystems":true},"in2DMode":false,"pivot":{"x":0.19929559528827668,"y":0.14964598417282105,"z":0.11413654685020447},"rotation":{"x":-0.062191449105739596,"y":-0.20596063137054444,"z":-0.013116334564983845,"w":0.9764962792396545},"size":0.5246344208717346,"orthographic":false}